timestamp_utc,type,heave_m,current_speed_kn,current_direction_deg,current_depth_m,wind_speed_kn,wind_direction_deg,hs_m,tp_s,level,component,message
2026-10-02T06:04:45Z,measurement,-0.1642394288040951,1.049737977432971,210.0,2.5,12.404743639505163,250.0,,,,,
2026-10-02T06:04:47Z,measurement,-0.19877718536756722,1.0919159721242977,210.0,2.5,12.757154131613119,250.0,,,,,
2026-10-02T06:04:49Z,measurement,-0.21256886014334492,1.1369094211857378,210.0,2.5,13.157385877154635,250.0,,,,,
2026-10-02T06:04:51Z,measurement,0.3833589670604167,1.168865585100403,210.0,2.5,13.478621748805967,250.0,,,,,
2026-10-02T06:04:53Z,measurement,0.10331742873467058,1.1902113032590307,210.0,2.5,13.747476707849886,250.0,72.69176657412675,2.0,,,
2026-10-02T06:04:55Z,measurement,0.029266790597850548,1.1992267218286345,210.0,2.5,13.936744639456109,250.0,11.962183574577574,2.3600000000000003,,,
2026-10-02T06:04:57Z,measurement,-0.11837028342874699,1.196457450145738,210.0,2.5,14.092139628037842,250.0,34.365372270207295,2.0,,,
2026-10-02T06:04:59Z,measurement,-0.43073866395883786,1.1809654104932041,210.0,2.5,14.155737733405065,250.0,21.814774619783933,2.0,,,
2026-10-02T06:05:01Z,measurement,-0.08884447661902846,1.1572576864273243,210.0,2.5,14.14768970725752,250.0,10.854942801777936,2.225,,,
2026-10-02T06:05:03Z,measurement,0.18387825618707931,1.1175570504584955,210.0,2.5,14.054282075197534,250.0,12.80669566008374,2.2222222222222223,,,
2026-10-02T06:05:05Z,measurement,0.0032414916555749337,1.0736249105369366,210.0,2.5,13.892822428894751,250.0,20.192306499929476,7.333333333333334,,,
2026-10-02T06:05:07Z,measurement,-0.1671311853226413,1.0250666467128622,210.0,2.5,13.66430860439571,250.0,11.73276333950648,2.181818181818182,,,
2026-10-02T06:05:09Z,measurement,-0.08161658532397412,0.9799276570297585,210.0,2.5,13.407960846649907,250.0,11.228583639474278,2.3454545454545457,,,
2026-10-02T06:05:11Z,measurement,-0.13559761354923455,0.926375089463066,210.0,2.5,13.040587936059717,250.0,15.140086978477973,2.0,,,
2026-10-02T06:05:13Z,measurement,0.16610105172456616,0.8824429495415068,210.0,2.5,12.6674767078499,250.0,18.881844892376222,2.0,,,
2026-10-02T06:05:15Z,measurement,0.07549303272968941,0.8491497238527805,210.0,2.5,12.311063290312884,250.0,13.738831827616792,2.2714285714285714,,,
2026-10-02T06:05:17Z,measurement,0.04239192677887556,0.8212317151697479,210.0,2.5,11.905028864433424,250.0,16.68885153802202,2.1125000000000003,,,
2026-10-02T06:05:19Z,measurement,-0.03523312970299316,0.8035425498542623,210.0,2.5,11.46282984372392,250.0,24.220315162386367,2.0,,,
2026-10-02T06:05:21Z,measurement,-0.2057637932342056,0.8001421054718821,210.0,2.5,11.117317998569487,250.0,19.15810331008998,2.1,,,
2026-10-02T06:05:23Z,measurement,0.00546084815291327,0.8097886967409695,210.0,2.5,10.730383855048254,250.0,24.55379703804804,2.0,,,
2026-10-02T06:05:25Z,measurement,0.41172261493432327,0.8311344148995977,210.0,2.5,10.425427764769744,250.0,25.12416033157435,2.0,,,
2026-10-02T06:05:27Z,measurement,0.1031286413563095,0.8594700060402317,210.0,2.5,10.198390583395541,250.0,20.623424622586008,2.085714285714286,,,
2026-10-02T06:05:29Z,measurement,-0.22626819331516085,0.8992753596728502,210.0,2.5,10.007026881880543,250.0,20.515489709006864,2.081818181818182,,,
2026-10-02T06:05:31Z,measurement,-0.26057290757435103,0.9502620225670325,210.0,2.5,9.878259538426027,250.0,23.35697729214015,2.0869565217391304,,,
2026-10-02T06:05:33Z,measurement,-0.4114474496140127,0.9949739809113368,210.0,2.5,9.840383718857453,250.0,20.1884290318418,2.075,,,
2026-10-02T06:05:35Z,measurement,0.15194987127914356,1.044854152189881,210.0,2.5,9.87100767447817,250.0,19.903405108272974,2.072,,,
2026-10-02T06:05:37Z,measurement,0.2518861814134563,1.0919159721243026,210.0,2.5,9.97705224462392,250.0,19.476033855324737,2.0692307692307694,,,
2026-10-02T06:05:39Z,measurement,-0.09578819301004875,1.1332023734868553,210.0,2.5,10.154760747529549,250.0,19.389639181682114,2.066666666666667,,,
2026-10-02T06:05:41Z,measurement,0.09271603811382245,1.1661191798391666,210.0,2.5,10.397837770884362,250.0,19.007908524743744,2.0642857142857145,,,
2026-10-02T06:05:44Z,measurement,0.10718912038662462,1.1885981071785756,210.0,2.5,10.697672189951756,250.0,19.361723766261253,2.0620689655172417,,,
2026-10-02T06:05:46Z,measurement,-0.19631340782380804,1.1992267218286352,210.0,2.5,11.043642220956032,250.0,19.34353564171071,2.0533333333333337,,,
2026-10-02T06:05:47Z,measurement,0.187943124965475,1.198092285139329,210.0,2.5,11.384358393064922,250.0,20.3245510784559,2.0516129032258066,,,
2026-10-02T06:05:49Z,measurement,0.19941006839848993,1.1850154413668879,210.0,2.5,11.783218695921454,250.0,21.206252019634263,2.0500000000000003,,,
2026-10-02T06:05:52Z,measurement,-0.024698090011983448,1.1572576864273172,210.0,2.5,12.230280093234644,250.0,21.965953457525078,2.0545454545454547,,,
2026-10-02T06:05:54Z,measurement,0.02584525381783817,1.1215860595389118,210.0,2.5,12.628638120349153,250.0,23.237312700875673,2.052941176470588,,,
2026-10-02T06:05:55Z,measurement,-0.0445017481689082,1.0828751161986458,210.0,2.5,12.968507746754556,250.0,25.722482293243452,2.045714285714286,,,
2026-10-02T06:05:58Z,measurement,0.17324680201407766,1.0300451178241388,210.0,2.5,13.345221605854402,250.0,26.333699972791702,2.05,,,
2026-10-02T06:06:00Z,measurement,0.26058237398974626,0.9799276570297435,210.0,2.5,13.63806173702371,250.0,27.905417651019185,2.0486486486486486,,,
2026-10-02T06:06:01Z,measurement,0.08640429775379138,0.9358112780385446,210.0,2.5,13.852257577378348,250.0,31.255766492374995,2.042105263157895,,,
2026-10-02T06:06:03Z,measurement,-0.1088507752561476,0.8907211306531335,210.0,2.5,14.02766513253241,250.0,33.014942151783316,2.0410256410256413,,,
2026-10-02T06:06:05Z,measurement,-0.18478742221509264,0.8524973765283548,210.0,2.5,14.131241639489014,250.0,34.67384714790483,2.0400000000000005,,,
2026-10-02T06:06:07Z,measurement,-0.3306795289938532,0.8235417547130016,210.0,2.5,14.159317848851924,250.0,35.65528645161397,2.0390243902439025,,,
2026-10-02T06:06:09Z,measurement,0.19189244975399242,0.8056736534170612,210.0,2.5,14.11089914690727,250.0,36.596003180064294,2.038095238095238,,,
2026-10-02T06:06:11Z,measurement,0.333822275183892,0.8000157911592369,210.0,2.5,13.987700790310225,250.0,37.351846391439615,2.0372093023255813,,,
2026-10-02T06:06:13Z,measurement,-0.022656995638075092,0.80692367223335,210.0,2.5,13.794087142262875,250.0,37.97002067740543,2.0363636363636366,,,
2026-10-02T06:06:15Z,measurement,-0.15111442172119965,0.8259632490661043,210.0,2.5,13.536917062771948,250.0,38.44993849631827,2.035555555555556,,,
2026-10-02T06:06:17Z,measurement,-0.3348155182696989,0.8559381950224324,210.0,2.5,13.225300930113661,250.0,39.607060017955305,2.0304347826086957,,,
2026-10-02T06:06:20Z,measurement,0.020641487948856802,0.8949650740077584,210.0,2.5,12.87027790114136,250.0,39.12989951000696,2.0340425531914894,,,
2026-10-02T06:06:22Z,measurement,0.4699366475138402,0.9405916836846134,210.0,2.5,12.484424843650498,250.0,39.321979947492956,2.033333333333333,,,
2026-10-02T06:06:24Z,measurement,0.13679413997118284,0.9899511363640683,210.0,2.5,12.081410794566882,250.0,39.39384814648577,2.0326530612244897,,,
2026-10-02T06:06:26Z,measurement,-0.16114941946322614,1.039941996102904,210.0,2.5,11.675512727498985,250.0,39.52789047374548,2.032,,,
2026-10-02T06:06:28Z,measurement,-0.045873914129028234,1.0874231533302077,210.0,2.5,11.281109783830171,250.0,39.505467192514445,2.0313725490196077,,,
2026-10-02T06:06:29Z,measurement,-0.12796221479857672,1.1294111923139072,210.0,2.5,10.91217388446659,250.0,39.50364139310609,2.030769230769231,,,
2026-10-02T06:06:32Z,measurement,0.09392821004257268,1.1632678501434512,210.0,2.5,10.581774767573464,250.0,39.43218278721852,2.0301886792452835,,,
2026-10-02T06:06:34Z,measurement,0.2633866432636749,1.1868657884913316,210.0,2.5,10.301616986584776,250.0,39.31247802977368,2.0296296296296297,,,
2026-10-02T06:06:36Z,measurement,-0.11495615923771307,1.1987222621040048,210.0,2.5,10.081625270562649,250.0,38.9359053260588,2.0290909090909093,,,
2026-10-02T06:06:38Z,measurement,-0.2156838259758211,1.1980922851393265,210.0,2.5,9.929592935722408,250.0,38.69596562693703,2.028571428571429,,,
2026-10-02T06:06:40Z,measurement,-0.25361016720989715,1.1868657884913125,210.0,2.5,9.855373574129175,250.0,38.93374522222721,2.0607142857142855,,,
2026-10-02T06:06:42Z,measurement,-0.26616887114563054,1.1603133969741584,210.0,2.5,9.848351404250767,250.0,38.287737198166596,2.027586206896552,,,
2026-10-02T06:06:43Z,measurement,0.3910307254213923,1.1294111923138666,210.0,2.5,9.911276786433199,250.0,38.65837103374699,2.0586206896551724,,,
2026-10-02T06:06:45Z,measurement,0.12704500978733013,1.0874231533301595,210.0,2.5,10.051390647764784,250.0,38.43324100745083,2.057627118644068,,,
2026-10-02T06:06:48Z,measurement,-0.17256755717048783,1.0399419961028513,210.0,2.5,10.260534966864121,250.0,38.36687684426272,2.0566666666666666,,,
2026-10-02T06:06:50Z,measurement,-0.19245421589627665,0.9899511363640149,210.0,2.5,10.531300701959758,250.0,38.1454936266179,2.055737704918033,,,
2026-10-02T06:06:52Z,measurement,-0.3264273449745769,0.9405916836845621,210.0,2.5,10.85409584189767,250.0,37.99570032630848,2.0548387096774197,,,
2026-10-02T06:06:54Z,measurement,0.2884915543930418,0.8907211306531208,210.0,2.5,11.255571285943267,250.0,37.808687379596236,2.0539682539682538,,,
2026-10-02T06:06:56Z,measurement,0.3454682152994223,0.8559381950223995,210.0,2.5,11.608595550565598,250.0,37.744889475639084,2.053125,,,
2026-10-02T06:06:58Z,measurement,0.1309543563425533,0.8259632490660829,210.0,2.5,12.013571590965801,250.0,37.481623253203146,2.0523076923076924,,,
2026-10-02T06:07:00Z,measurement,-0.12115189350834221,0.8069236722333395,210.0,2.5,12.418066850990028,250.0,37.33377017997393,2.0515151515151517,,,
2026-10-02T06:07:02Z,measurement,-0.04881595867672116,0.8000157911592365,210.0,2.5,12.807751884393786,250.0,37.14931175369714,2.0507462686567166,,,
2026-10-02T06:07:04Z,measurement,-0.14055051119961448,0.8045463752863646,210.0,2.5,13.134377200716507,250.0,37.7144398864375,2.047058823529412,,,
2026-10-02T06:07:06Z,measurement,0.26025773149505516,0.8235417547130156,210.0,2.5,13.488485826116747,250.0,36.60119507463939,2.049275362318841,,,
2026-10-02T06:07:08Z,measurement,0.20976276350830428,0.8524973765283721,210.0,2.5,13.75541939517553,250.0,36.23208515809533,2.0485714285714285,,,
2026-10-02T06:07:10Z,measurement,0.03494248877661968,0.8865462101746553,210.0,2.5,13.942715343383387,250.0,36.56024154007122,2.0450704225352117,,,
2026-10-02T06:07:12Z,measurement,-0.24003790146403342,0.9310714153651012,210.0,2.5,14.085224339879879,250.0,36.20647206591564,2.0444444444444447,,,
2026-10-02T06:07:14Z,measurement,-0.22495832240924113,0.9849346388944149,210.0,2.5,14.156547348235385,250.0,35.175920069339384,2.0465753424657533,,,
2026-10-02T06:07:16Z,measurement,-0.13710459624817128,1.0350046117950542,210.0,2.5,14.141224483110136,250.0,34.80726067012369,2.045945945945946,,,
2026-10-02T06:07:18Z,measurement,0.21398810209349012,1.0828751161986532,210.0,2.5,14.050047673179048,250.0,34.54640400554905,2.0453333333333337,,,
2026-10-02T06:07:20Z,measurement,-0.01667554572712493,1.125538272258135,210.0,2.5,13.886246902389455,250.0,34.09709071045021,2.044736842105263,,,
2026-10-02T06:07:22Z,measurement,-0.15130289639001743,1.1603133969741695,210.0,2.5,13.655624894708248,250.0,34.51006073351369,2.0415584415584416,,,
2026-10-02T06:07:24Z,measurement,-0.13194354168787475,1.1850154413668867,210.0,2.5,13.36635154973243,250.0,33.383934564835975,2.0435897435897434,,,
2026-10-02T06:07:26Z,measurement,-0.12909261281942994,1.198092285139328,210.0,2.5,13.028674519922863,250.0,33.097876365416916,2.0430379746835445,,,
2026-10-02T06:07:28Z,measurement,0.0887180779967136,1.1987222621040037,210.0,2.5,12.654556182406935,250.0,32.607046284988584,2.0425000000000004,,,
2026-10-02T06:07:30Z,measurement,0.42183307624481,1.18859810717858,210.0,2.5,12.29762702787899,250.0,32.74201098463929,2.0395061728395065,,,
2026-10-02T06:07:32Z,measurement,-0.03699020291246059,1.1632678501434506,210.0,2.5,11.850830344457082,250.0,31.804433292129648,2.0414634146341464,,,
2026-10-02T06:07:34Z,measurement,-0.020559970783018258,1.1332023734868701,210.0,2.5,11.489162166428969,250.0,31.582964745349635,2.03855421686747,,,
2026-10-02T06:07:36Z,measurement,-0.08571014639573726,1.0919159721243235,210.0,2.5,11.104948745054728,250.0,30.99461205136193,2.038095238095238,,,
2026-10-02T06:07:38Z,measurement,-0.03575014358945914,1.0448541521899075,210.0,2.5,10.752442960608121,250.0,30.45444681711781,2.0376470588235294,,,
2026-10-02T06:07:40Z,measurement,0.32659119769094863,0.9949739809113678,210.0,2.5,10.444132506242319,250.0,29.967409854014317,2.0372093023255813,,,
2026-10-02T06:07:42Z,measurement,0.12244147065689835,0.9454096128965712,210.0,2.5,10.190939433509143,250.0,29.4413585005079,2.0367816091954025,,,
2026-10-02T06:07:44Z,measurement,-0.14005507127789207,0.8992753596728831,210.0,2.5,10.001833233237697,250.0,28.990591985546025,2.0363636363636366,,,
2026-10-02T06:07:46Z,measurement,-0.12881715684054634,0.8594700060402615,210.0,2.5,9.8835130868501,250.0,28.5035316339052,2.059090909090909,,,
2026-10-02T06:07:48Z,measurement,-0.25576391361268186,0.8284946687612934,210.0,2.5,9.840170544519761,250.0,28.1338720339869,2.058426966292135,,,
2026-10-02T06:07:50Z,measurement,0.06919331140077131,0.8097886967409844,210.0,2.5,9.86659318431444,250.0,27.843740400912274,2.0555555555555554,,,
2026-10-02T06:07:52Z,measurement,0.2705308667902856,0.8001421054718841,210.0,2.5,9.981849484293564,250.0,27.475649333861053,2.054945054945055,,,
2026-10-02T06:07:54Z,measurement,0.033021672529746374,0.8045463752863496,210.0,2.5,10.16185191932323,250.0,26.86265088495485,2.056521739130435,,,
2026-10-02T06:07:56Z,measurement,-0.03770782049372482,0.8212317151697212,210.0,2.5,10.406971666506024,250.0,26.50716750258062,2.055913978494624,,,
2026-10-02T06:07:58Z,measurement,-0.14496485065666226,0.8491497238527395,210.0,2.5,10.70852523659536,250.0,26.13466287079958,2.05531914893617,,,
2026-10-02T06:08:00Z,measurement,-0.2088075723667555,0.8824429495414541,210.0,2.5,11.019380520562114,250.0,26.082853895875495,2.0526315789473686,,,
2026-10-02T06:08:02Z,measurement,0.4474677205696565,0.9310714153650345,210.0,2.5,11.4365823464133,250.0,25.489706104171706,2.0541666666666667,,,
2026-10-02T06:08:04Z,measurement,0.40025801958869545,0.9749333532870708,210.0,2.5,11.796726043231446,250.0,25.47180434491816,2.051546391752577,,,
2026-10-02T06:08:06Z,measurement,-0.1122388665753727,1.0300451178240797,210.0,2.5,12.243769791326132,250.0,24.88760471695892,2.053061224489796,,,
2026-10-02T06:08:08Z,measurement,-0.0300401564694681,1.0782747333673717,210.0,2.5,12.641609816205808,250.0,24.599553265203085,2.052525252525253,,,
2026-10-02T06:08:10Z,measurement,-0.22320506937807835,1.1175570504584318,210.0,2.5,12.980619479436857,250.0,24.62258257762992,2.0500000000000003,,,
2026-10-02T06:08:12Z,measurement,0.2484909806450715,1.1541026485551065,210.0,2.5,13.32387923588991,250.0,24.2750154428274,2.0495049504950495,,,
2026-10-02T06:08:14Z,measurement,0.1932386924480283,1.1809654104931684,210.0,2.5,13.62023991040134,250.0,23.959659756115308,2.049019607843137,,,
2026-10-02T06:08:16Z,measurement,-0.011883656282664367,1.1973371888415596,210.0,2.5,13.879596910085828,250.0,23.566592380622378,2.0504854368932044,,,
2026-10-02T06:08:18Z,measurement,-0.11138794592860084,1.19960534568566,210.0,2.5,14.03230246094088,250.0,23.34920125151525,2.048076923076923,,,
2026-10-02T06:08:20Z,measurement,-0.08265161853063632,1.190211303259059,210.0,2.5,14.13340681568538,250.0,23.044802845722327,2.047619047619048,,,
2026-10-02T06:08:22Z,measurement,-0.383089262478844,1.168865585100454,210.0,2.5,14.158934170390003,250.0,22.78497292734102,2.047169811320755,,,
2026-10-02T06:08:24Z,measurement,0.15078909069012858,1.1369094211858088,210.0,2.5,14.107980205787866,250.0,22.5187482808805,2.046728971962617,,,
2026-10-02T06:08:26Z,measurement,0.3291453723468977,1.096350734820431,210.0,2.5,13.982349991477726,250.0,22.268558957071964,2.0654205607476634,,,
2026-10-02T06:08:28Z,measurement,-0.08691995230066096,1.0545903871035645,210.0,2.5,13.809060566491485,250.0,22.097208231519748,2.062962962962963,,,
2026-10-02T06:08:30Z,measurement,-0.1555879952144061,1.0050260190887732,210.0,2.5,13.555867493758477,250.0,21.88680217640176,2.0623853211009178,,,
2026-10-02T06:08:32Z,measurement,-0.2646149924680476,0.9502620225671348,210.0,2.5,13.214100096161339,250.0,21.6259928997833,2.0636363636363635,,,
2026-10-02T06:08:34Z,measurement,-0.09467141425372567,0.9036492651797547,210.0,2.5,12.857839443771965,250.0,21.432548366297482,2.0630630630630633,,,
2026-10-02T06:08:36Z,measurement,0.20301648731859623,0.8630905788143459,210.0,2.5,12.471189401417448,250.0,21.259053331048346,2.0625,,,
2026-10-02T06:08:38Z,measurement,0.057280891364245426,0.8311344148996601,210.0,2.5,12.067847239609714,250.0,21.134485651212824,2.060176991150443,,,
2026-10-02T06:08:40Z,measurement,-0.05274490117779697,0.811401892821467,210.0,2.5,11.702372972122152,250.0,20.959751739763608,2.0596491228070177,,,
2026-10-02T06:08:42Z,measurement,-0.09421766796462198,0.8003946543143534,210.0,2.5,11.268326092271119,250.0,20.766390321673978,2.0608695652173914,,,
2026-10-02T06:08:44Z,measurement,-0.2768344338663346,0.802662811158406,210.0,2.5,10.935708942256586,250.0,20.62594025160285,2.0586206896551724,,,
2026-10-02T06:08:46Z,measurement,0.1150891268121143,0.8169517654757646,210.0,2.5,10.6023591230108,250.0,20.476679289684796,2.0581196581196584,,,
2026-10-02T06:08:48Z,measurement,0.42640666038912206,0.8427423135725948,210.0,2.5,10.318521428615904,250.0,20.330024473288034,2.057627118644068,,,
2026-10-02T06:08:50Z,measurement,-0.03526732700980219,0.8784139404609723,210.0,2.5,10.094250950901019,250.0,20.198122953900718,2.057142857142857,,,
2026-10-02T06:08:52Z,measurement,-0.20696270085441162,0.9217252666324331,210.0,2.5,9.937492583347582,250.0,20.08737765733689,2.0566666666666666,,,
2026-10-02T06:08:54Z,measurement,-0.21273171372280453,0.9649953882048068,210.0,2.5,9.858775516890015,250.0,19.962243867212695,2.0545454545454547,,,
2026-10-02T06:08:56Z,measurement,-0.26257011894494353,1.0200723429701009,210.0,2.5,9.846136775436985,250.0,19.8719601980705,2.054098360655738,,,
2026-10-02T06:08:58Z,measurement,0.33364102683804076,1.0689285846347663,210.0,2.5,9.914775660119817,250.0,19.818546092695147,2.055284552845529,,,
2026-10-02T06:09:00Z,measurement,0.057733129707801256,1.113453789825229,210.0,2.5,10.05728465661611,250.0,19.785948788522262,2.0548387096774197,,,
2026-10-02T06:09:02Z,measurement,-0.0643025686052867,1.1475026234715335,210.0,2.5,10.244580604823803,250.0,20.20787015098815,2.048,,,
2026-10-02T06:09:04Z,measurement,-0.052315310620052534,1.1764582452869186,210.0,2.5,10.511514173882421,250.0,20.207871333139526,2.048,,,
2026-10-02T06:09:06Z,measurement,-0.1945414888323238,1.1954536247136056,210.0,2.5,10.865622799282514,250.0,20.207872597723007,2.048,,,
2026-10-02T06:09:08Z,measurement,-0.03369387455875565,1.1998578945281237,210.0,2.5,11.230150341978167,250.0,20.207873635680716,2.048,,,
2026-10-02T06:09:10Z,measurement,0.37145651093755677,1.1930763277666971,210.0,2.5,11.581933149008847,250.0,20.207871660329523,2.048,,,
2026-10-02T06:09:12Z,measurement,0.09092420240802788,1.1740367509339866,210.0,2.5,11.98642840903305,250.0,20.20786982755013,2.048,,,
2026-10-02T06:09:14Z,measurement,-0.07287870250204923,1.1440618049776974,210.0,2.5,12.39140444943327,250.0,20.207869910462037,2.048,,,
2026-10-02T06:09:16Z,measurement,-0.14030301790662167,1.1050349259924042,210.0,2.5,12.782514792080526,250.0,20.207870561332804,2.048,,,
2026-10-02T06:09:18Z,measurement,-0.18449568792405455,1.0545903871036322,210.0,2.5,13.180211788944835,250.0,20.207872164628004,2.048,,,
2026-10-02T06:09:20Z,measurement,0.32971149974305247,1.0100488636361302,210.0,2.5,13.468699298039372,250.0,20.20787223684289,2.048,,,
2026-10-02T06:09:22Z,measurement,0.3309492323316012,0.9600580038972947,210.0,2.5,13.739465033135161,250.0,20.207869160420888,2.048,,,
2026-10-02T06:09:24Z,measurement,-0.09318896391171674,0.9125768466699766,210.0,2.5,13.94860935223468,250.0,20.20786883700884,2.048,,,
2026-10-02T06:09:26Z,measurement,-0.1410756962903401,0.8705888076862518,210.0,2.5,14.088723213566475,250.0,20.207869762082105,2.048,,,
2026-10-02T06:09:28Z,measurement,-0.19726687501609316,0.8367321498566715,210.0,2.5,14.154843013740141,250.0,20.207871046262166,2.048,,,
2026-10-02T06:09:30Z,measurement,-0.06255170081468457,0.8131342115087455,210.0,2.5,14.144626425870982,250.0,20.207872593368553,2.048,,,
2026-10-02T06:09:32Z,measurement,0.28774406080931125,0.8012777378960202,210.0,2.5,14.05843537767767,250.0,20.2078717760169,2.048,,,
2026-10-02T06:09:34Z,measurement,0.09248282533519092,0.8019077148606428,210.0,2.5,13.899323230012364,250.0,20.207870496821137,2.048,,,
2026-10-02T06:09:36Z,measurement,-0.16944975359663678,0.8149845586330329,210.0,2.5,13.672926610030288,250.0,20.207870843581187,2.048,,,
2026-10-02T06:09:38Z,measurement,-0.15618695120198467,0.8367321498564468,210.0,2.5,13.418225232427623,250.0,20.207871472013363,2.048,,,
2026-10-02T06:09:40Z,measurement,-0.20589550690079028,0.8744617277417003,210.0,2.5,13.052460271568176,250.0,20.207873189328836,2.048,,,
2026-10-02T06:09:42Z,measurement,0.24084431295950826,0.9125768466696265,210.0,2.5,12.718890216171246,250.0,20.207873444405006,2.048,,,
2026-10-02T06:09:44Z,measurement,0.3979423187792529,0.9649953882047382,210.0,2.5,12.284179015641026,250.0,20.207870104419868,2.048,,,
2026-10-02T06:09:46Z,measurement,-0.09733322104929258,1.0150653611053742,210.0,2.5,11.87791996552056,250.0,20.207868984256134,2.048,,,
2026-10-02T06:09:48Z,measurement,0.10764856406775059,1.0641887219612371,210.0,2.5,11.475985661483628,250.0,20.20786946532677,2.048,,,
2026-10-02T06:09:50Z,measurement,-0.08002900374109559,1.1050349259920729,210.0,2.5,11.129722098860123,250.0,20.207869873509058,2.048,,,
2026-10-02T06:09:52Z,measurement,-0.11363195515519375,1.1440618049774274,210.0,2.5,10.77469906988769,250.0,20.20787093323399,2.048,,,
2026-10-02T06:09:54Z,measurement,0.20113426754729774,1.1740367509337941,210.0,2.5,10.463082937229228,250.0,20.207870248447687,2.048,,,
2026-10-02T06:09:56Z,measurement,0.0643953259576191,1.1930763277665957,210.0,2.5,10.205912857738078,250.0,20.207869031833535,2.048,,,
2026-10-02T06:09:58Z,measurement,-0.13482232524553153,1.1999842088407604,210.0,2.5,10.012299209690452,250.0,20.207869355551214,2.048,,,
2026-10-02T06:10:00Z,measurement,-0.07209999048634641,1.1943263465829899,210.0,2.5,9.889100853093105,250.0,20.207869972348863,2.048,,,
2026-10-02T06:10:02Z,measurement,-0.29963223288709384,1.176458245287102,210.0,2.5,9.84068215114812,250.0,20.207871400387592,2.048,,,
2026-10-02T06:10:04Z,measurement,-0.018711901241777473,1.1508502761473778,210.0,2.5,9.862515583817993,250.0,20.20787236441007,2.048,,,
2026-10-02T06:10:06Z,measurement,0.2267654108372664,1.1092788693470557,210.0,2.5,9.972334867466955,250.0,20.207870874371597,2.048,,,
2026-10-02T06:10:08Z,measurement,0.04270156844904835,1.0689285846351324,210.0,2.5,10.127127285483711,250.0,20.20786975797627,2.048,,,
2026-10-02T06:10:10Z,measurement,-0.11495926579565834,1.0150653611058331,210.0,2.5,10.388767125882424,250.0,20.207870402084104,2.048,,,
2026-10-02T06:10:12Z,measurement,-0.21305219113310292,0.9699548821760959,210.0,2.5,10.654778394144088,250.0,20.207871141479586,2.048,,,
2026-10-02T06:10:14Z,measurement,-0.12089643829735557,0.9217252666327926,210.0,2.5,10.995273671350871,250.0,20.20787264636023,2.048,,,
2026-10-02T06:10:16Z,measurement,0.17571771383580317,0.8744617277420587,210.0,2.5,11.410423819280574,250.0,20.207872465634765,2.048,,,
2026-10-02T06:10:18Z,measurement,0.28234832051349684,0.8396866030259792,210.0,2.5,11.810241415448294,250.0,20.207870658418447,2.048,,,
2026-10-02T06:10:20Z,measurement,0.025205470959355204,0.8169517654759217,210.0,2.5,12.176235720985105,250.0,20.20787048543684,2.048,,,
2026-10-02T06:10:22Z,measurement,-0.16808404279970696,0.8026628111584694,210.0,2.5,12.576508296929939,250.0,20.207870646789537,2.048,,,
2026-10-02T06:10:24Z,measurement,-0.3728406811967808,0.8012777378959681,210.0,2.5,12.992692498940478,250.0,20.207871356555007,2.048,,,
2026-10-02T06:10:26Z,measurement,0.04715367758882568,0.8131342115085816,210.0,2.5,13.334576764273397,250.0,20.20787201504281,2.048,,,
2026-10-02T06:10:28Z,measurement,0.2351785213366419,0.8338808201606858,210.0,2.5,13.602162229114185,250.0,20.207870864369085,2.048,,,
2026-10-02T06:10:30Z,measurement,0.053480313637857005,0.8667976265129442,210.0,2.5,13.845239252469314,250.0,20.207869623708998,2.048,,,
2026-10-02T06:10:32Z,measurement,-0.1470120642701103,0.908084027875455,210.0,2.5,14.022947755375304,250.0,20.207870163765282,2.048,,,
2026-10-02T06:10:34Z,measurement,-0.23291109320658387,0.9551458478098492,210.0,2.5,14.12899232552145,250.0,20.2078710111901,2.048,,,
2026-10-02T06:10:36Z,measurement,-0.3210585069782443,1.0050260190883842,210.0,2.5,14.15961628114259,250.0,20.207872524066456,2.048,,,
2026-10-02T06:10:38Z,measurement,0.3686612294437427,1.0545903871031894,210.0,2.5,14.1137347533435,250.0,20.20787303762227,2.048,,,
2026-10-02T06:10:40Z,measurement,0.32427459294019734,1.1007246403269018,210.0,2.5,13.992973118120357,250.0,20.207871709578136,2.048,,,
2026-10-02T06:10:42Z,measurement,-0.08488551042070545,1.1369094211855244,210.0,2.5,13.823748319085626,250.0,20.207871269801675,2.048,,,
2026-10-02T06:10:44Z,measurement,-0.09067146016265752,1.1688655851002445,210.0,2.5,13.574572235231892,250.0,20.2078717311058,2.048,,,
2026-10-02T06:10:46Z,measurement,-0.21218498451125348,1.19170435780339,210.0,2.5,13.236453391286304,250.0,20.207872224000162,2.048,,,
2026-10-02T06:10:48Z,measurement,-0.04940043710073544,1.1998578945281064,210.0,2.5,12.882682001432748,250.0,20.207872937112963,2.048,,,
2026-10-02T06:10:50Z,measurement,0.2578466565582378,1.1964574501457945,210.0,2.5,12.537170156278487,250.0,20.207872421361845,2.048,,,
2026-10-02T06:10:52Z,measurement,0.08735851472451721,1.1787682848303904,210.0,2.5,12.094971135569084,250.0,20.20787104955835,2.048,,,
2026-10-02T06:10:54Z,measurement,-0.020752129967096092,1.1541026485553554,210.0,2.5,11.729280215503596,250.0,20.20787076701105,2.048,,,
2026-10-02T06:10:56Z,measurement,-0.14310046313375646,1.1175570504587478,210.0,2.5,11.33252329215253,250.0,20.207870837763256,2.048,,,
2026-10-02T06:10:58Z,measurement,-0.21677533678678834,1.0736249105372282,210.0,2.5,10.959412063942542,250.0,20.20787181853081,2.048,,,
2026-10-02T06:11:00Z,measurement,0.14071701813535428,1.0250666467131762,210.0,2.5,10.623164182144826,250.0,20.20787224349457,2.048,,,
2026-10-02T06:11:02Z,measurement,0.42594695458856,0.9749333532874576,210.0,2.5,10.335691395605963,250.0,20.20787075616652,2.048,,,
2026-10-02T06:11:04Z,measurement,0.19234169034062715,0.9263750894633658,210.0,2.5,10.107177571106527,250.0,20.207869875140066,2.048,,,
2026-10-02T06:11:06Z,measurement,-0.13602518316216314,0.886546210174918,210.0,2.5,9.958663757612491,250.0,20.207870346663878,2.048,,,
2026-10-02T06:11:08Z,measurement,-0.20542645966694792,0.8458973514450518,210.0,2.5,9.857032245161065,250.0,20.207871041879585,2.048,,,
2026-10-02T06:11:10Z,measurement,-0.17934038433776958,0.821231715169896,210.0,2.5,9.842088861095132,250.0,20.207872017897294,2.048,,,
2026-10-02T06:11:12Z,measurement,0.21295042482092313,0.8045463752864324,210.0,2.5,9.898107216277976,250.0,30.558846066187684,2.0317460317460316,,,
2026-10-02T06:11:14Z,measurement,0.1292778671769607,0.8001421054718694,210.0,2.5,10.028586171207312,250.0,30.558845421131878,2.0317460317460316,,,
2026-10-02T06:11:16Z,measurement,-0.0046573326976083185,0.8097886967408637,210.0,2.5,10.252523292148481,250.0,30.5588454289836,2.0317460317460316,,,
2026-10-02T06:11:18Z,measurement,-0.12195331269019559,0.8311344148994131,210.0,2.5,10.52137825119199,250.0,30.558845535775713,2.0317460317460316,,,
2026-10-02T06:11:20Z,measurement,-0.3115491076546087,0.859470006039984,210.0,2.5,10.808444919440241,250.0,30.558845995290635,2.0317460317460316,,,
2026-10-02T06:11:22Z,measurement,0.1520627993390261,0.8992753596725462,210.0,2.5,11.1671385766782,250.0,30.55884647516975,2.0317460317460316,,,
2026-10-02T06:11:24Z,measurement,0.5032706661049959,0.9454096128961961,210.0,2.5,11.55533676505425,250.0,30.558845597242506,2.0317460317460316,,,
2026-10-02T06:11:26Z,measurement,0.14749547770179738,0.9999999999996443,210.0,2.5,11.999999999997112,250.0,30.558844642466173,2.0317460317460316,,,
2026-10-02T06:11:28Z,measurement,-0.2057819436565274,1.044854152189527,210.0,2.5,12.364680240576643,250.0,30.558844661024523,2.0317460317460316,,,
2026-10-02T06:11:30Z,measurement,-0.21575307489628784,1.0919159721239777,210.0,2.5,12.757154131610378,250.0,30.558844898188806,2.0317460317460316,,,
2026-10-02T06:11:32Z,measurement,-0.20672135571593714,1.1332023734865793,210.0,2.5,13.12280546005821,250.0,30.55884546841006,2.0317460317460316,,,
2026-10-02T06:11:34Z,measurement,0.19610536669866324,1.1661191798389585,210.0,2.5,13.448680845317107,250.0,30.558845414233613,2.0317460317460316,,,
2026-10-02T06:11:36Z,measurement,0.2354057474143022,1.18859810717845,210.0,2.5,13.723235989401502,250.0,30.558844790087985,2.0317460317460316,,,
2026-10-02T06:11:38Z,measurement,-0.07899935923509219,1.1992267218286017,210.0,2.5,13.93674463945477,250.0,30.558844658361966,2.0317460317460316,,,
2026-10-02T06:11:40Z,measurement,-0.07037637010337952,1.1973371888416344,210.0,2.5,14.081643145105605,250.0,30.558845052746328,2.0317460317460316,,,
2026-10-02T06:11:42Z,measurement,-0.2583053433777702,1.1830482345243356,210.0,2.5,14.152798404553256,250.0,30.558845493715427,2.0317460317460316,,,
2026-10-02T06:11:44Z,measurement,0.00460030237159334,1.157257686427559,210.0,2.5,14.147689707257847,250.0,30.558846114220863,2.0317460317460316,,,
2026-10-02T06:11:46Z,measurement,0.38226740105608936,1.1215860595392257,210.0,2.5,14.06649803136798,250.0,30.558845836009557,2.0317460317460316,,,
2026-10-02T06:11:48Z,measurement,-0.005802213262570008,1.0782747333677967,210.0,2.5,13.912099632479565,250.0,30.558845117956594,2.0317460317460316,,,
2026-10-02T06:11:50Z,measurement,-0.20924410496901083,1.0300451178245356,210.0,2.5,13.689964150847402,250.0,30.558845343437223,2.0317460317460316,,,
2026-10-02T06:11:52Z,measurement,-0.09229917424735719,0.9799276570301468,210.0,2.5,13.407960846652319,250.0,30.558845696674297,2.0317460317460316,,,
2026-10-02T06:11:54Z,measurement,-0.1279579606127899,0.9358112780389318,210.0,2.5,13.111189392970804,250.0,30.5588461512806,2.0317460317460316,,,
2026-10-02T06:11:56Z,measurement,0.16747234318707593,0.8907211306534792,210.0,2.5,12.744428714059993,250.0,30.558846324253206,2.0317460317460316,,,
2026-10-02T06:11:58Z,measurement,0.3507916915138967,0.8491497238530425,210.0,2.5,12.311063290316083,250.0,30.558845590380944,2.0317460317460316,,,
2026-10-02T06:12:00Z,measurement,-0.10595971902418773,0.8212317151699279,210.0,2.5,11.905028864436687,250.0,30.558845239898623,2.0317460317460316,,,
2026-10-02T06:12:02Z,measurement,0.04259122148541376,0.8045463752864473,210.0,2.5,11.50235883838178,250.0,30.558845353882077,2.0317460317460316,,,
2026-10-02T06:12:04Z,measurement,-0.20036717417600775,0.8000157911592316,210.0,2.5,11.154632879634697,250.0,30.558845577142666,2.0317460317460316,,,
2026-10-02T06:12:06Z,measurement,-0.2382071676275404,0.8069236722332378,210.0,2.5,10.797148668388292,250.0,30.558845827663117,2.0317460317460316,,,
2026-10-02T06:12:08Z,measurement,0.36034114614914864,0.8284946687610558,210.0,2.5,10.453577196675205,250.0,30.558845661593555,2.0317460317460316,,,
2026-10-02T06:12:10Z,measurement,0.14193349118436707,0.8559381950221285,210.0,2.5,10.221169589124521,250.0,30.558844911017573,2.0317460317460316,,,
2026-10-02T06:12:12Z,measurement,-0.11188317613617244,0.8949650740073836,210.0,2.5,10.023079067140195,250.0,30.558844860870096,2.0317460317460316,,,
2026-10-02T06:12:14Z,measurement,-0.32159754048996086,0.9405916836841891,210.0,2.5,9.895021954781766,250.0,30.55884514137013,2.0317460317460316,,,
2026-10-02T06:12:16Z,measurement,-0.37942443964277495,0.9899511363636205,210.0,2.5,9.841534739096458,250.0,30.558845856711013,2.0317460317460316,,,
2026-10-02T06:12:18Z,measurement,-0.13944455005987805,1.0399419961024607,210.0,2.5,9.864512231365584,250.0,30.558846307078678,2.0317460317460316,,,
2026-10-02T06:12:20Z,measurement,0.31676908780919283,1.0828751161982635,210.0,2.5,9.949952326819858,250.0,30.55884592328825,2.0317460317460316,,,
2026-10-02T06:12:22Z,measurement,-0.09221090471591174,1.129411192313558,210.0,2.5,10.133925418861697,250.0,30.55884542832228,2.0317460317460316,,,
2026-10-02T06:12:24Z,measurement,-0.068943135446358,1.1603133969739141,210.0,2.5,10.344375105289515,250.0,30.558845623707903,2.0317460317460316,,,
2026-10-02T06:12:26Z,measurement,-0.10656617793175797,1.1868657884911655,210.0,2.5,10.665423235722061,250.0,30.55884575008179,2.0317460317460316,,,
2026-10-02T06:12:28Z,measurement,-0.0716961119266776,1.1987222621039517,210.0,2.5,11.007307501054383,250.0,30.558846010319392,2.0317460317460316,,,
2026-10-02T06:12:30Z,measurement,0.23434387335560733,1.198722262104052,210.0,2.5,11.345443817589755,250.0,30.558845972135536,2.0317460317460316,,,
2026-10-02T06:12:32Z,measurement,0.36630109404543365,1.1868657884914822,210.0,2.5,11.742750134191459,250.0,30.558845429485157,2.0317460317460316,,,
2026-10-02T06:12:34Z,measurement,0.0923876411380644,1.1632678501436975,210.0,2.5,12.149169655539453,250.0,30.558845132060732,2.0317460317460316,,,
2026-10-02T06:12:36Z,measurement,-0.04251702787283447,1.125538272258494,210.0,2.5,12.58957618071387,250.0,30.55884510781912,2.0317460317460316,,,
